,orig_acc_mean,cpp_acc_mean
accuracy_train_0_-,1.0,0.9999931119988978
accuracy_train_0_+,0.0,0.0
accuracy_train_1_-,0.8688907197069098,0.9999955779605554
accuracy_train_1_+,0.509124905763639,0.0
accuracy_test_0_-,1.0,1.0
accuracy_test_0_+,0.0,0.0
accuracy_test_1_-,0.8727850436972977,0.999995623632385
accuracy_test_1_+,0.5071539321559011,0.0
accuracy_train,0.8023954793006018,0.758769092174768
accuracy_test,0.805186110314893,0.7626632816019003
